INSERT INTO `BloodTube`(`blood_tube_id`, `color`) VALUES 
(996,"Rdeča"),
(997,"Modra"),
(998,"Rumena"),
(999,"Zelena");

INSERT INTO `Medicine`(`medicine_id`, `medicine_name`, `medicine_packaging`, `medicine_type`) VALUES 
(1686,"Insulatard Penfill","100 i.e./ml 3 ml 5x","susp. za inj. vložek"),
(4561,"NovoRapid FlexPen","100 enot/ml  3 ml 5x","razt. za inj. peresnik"),
(6912,"Apidra","100 i.e./ml 3 ml 5x","razt. za inj. peresnik Solo Star "),
(7900,"Betaferon","250 mcg/ml 15x","razt. za inj."),
(11711,"Copaxone","20 mg/ml 28x","razt. za inj. brizga"),
(13013,"NovoRapid Penfill","100 enot/ml 3 ml 5x", "razt. za inj. vložek"),
(14117,"Enbrel", "50 mg 4x","inj. razt. brizga"),
(14621,"PegIntron", "80 mcg 4x", "prašek in vehikel za razt. za inj. peresnik"),
(16632,"Aranesp", "80 mcg", "razt. za inj. peresnik (SureClick) 0"),
(17108,"HUMIRA", "40 mg 2x", "razt. za inj. brizga"),
(19011,"Lantus", "100 i.e./ml 3ml 5x", "vložki za inj. peresnik OptiPen"),
(22748,"Humalog", "100 i.e./ml 3 ml 5x", "Mix25 vložki za inj. pero"),
(22764,"Humalog", "100 i.e./ml 3 ml 5x22", "Mix50 vložki za inj. pero"),
(24872,"Somatuline Autogel","120 mg 1x", "razt. za inj. brizga"),
(24880,"Somatuline Autogel", "90 mg 1x", "inj. brizga"),
(24899,"Somatuline Autogel", "60 mg 1x", "razt. za inj. brizga"),
(27510,"Binocrit", "2000 i.e./1 ml 6x", "inj. brizga"),
(27588,"Binocrit", "10 000 i.e./1 ml 6x", "inj. brizga"),
(30554,"FRAXIPARINE FORTE", "19000 i.e. AXa/1 ml 10x", "inj. brizga"),
(61891,"Levemir", "100 e./ml 3 ml 5x", "razt. za inj. vložek"),
(61921,"Levemir", "100 e./ml 3 ml 5x", "razt. za inj. peresnik"),
(64238,"ReFacto AF", "2000 i.e. 1x", "razt. za inj. viala"),
(64807,"LITAK", "2 mg/ml 5 ml 1x", "razt. za inj."),
(64823,"LITAK", "2 mg/ml 5 ml 5x", "razt. za inj.");

INSERT INTO `VisitType`(`visit_type_id`, `visit_type_title`) VALUES
(1, "Preventivni"),
(2, "Kurativni");

INSERT INTO `VisitSubtype`(`visit_subtype_id`, `visit_subtype_title`, `visit_type_id`) VALUES
(1, "Obisk nosečnice", 1),
(2, "Obisk novorojenčka in otročnice", 1),
(3, "Preventiva starostnika", 1),
(4, "Aplikacija injekcij", 2),
(5, "Odvzem krvi", 2),
(6, "Kontrola zdravstvenega stanja", 2);

INSERT INTO `Relationship`(`relationship_id`, `relationship_type`) VALUES
(1,"Žena"),
(2,"Mož"),
(10,"Mati"),
(11,"Oče"),
(12,"Hči"),
(13,"Sin"),
(20,"Teta"),
(21,"Stric"),
(22,"Nečakinja"),
(23,"Nečak"),
(24,"Svakinja"),
(25,"Svak"),
(26,"Sestrična"),
(27,"Bratranec"),
(30,"Babica"),
(31,"Dedek"),
(32,"Vnukinja"),
(33,"Vnuk"),
(34,"Tašča"),
(35,"Tast"),
(36,"Snaha"),
(37,"Zet"),
(40,"Skrbnica"),
(41,"Skrbnik"),
(50,"Drugo");

INSERT INTO `Illness`(`illness_id`, `illness_name`) VALUES
("Z35.0","Nadzor nad nosečnostjo z anamnezo infertilnosti"),
("Z35.1","Nadzor nad nosečnostjo z anamnezo splavov"),
("Z35.2","Nadzor nad nosečnostjo z drugače slabo reproduktivno ali porodniško anamnezo"),
("Z35.3","Nadzor nad nosečnostjo z anamnezo nezadostne predporodne nege"),
("Z35.4","Nadzor nad nosečnostjo po velikem številu porodov"),
("Z35.7","Nadzor nad zelo tvegano nosečnostjo zaradi socialnih težav"),
("Z35.8","Nadzor nad drugimi zelo tveganimi nosečnostmi"),
("Z35.51","Nadzor nad starejšo primiparo(prvorodnico)"),
("Z35.52","Nadzor nad starejšo mnogorodnico"),
("Z35.6","Nadzor nad zelo mlado prvesnico"),
("Z39.01","Poporodna oskrba po porodu v porodnišnici"),
("Z39.02","Poporodna oskrba po načrtovanem porodu izven porodnišnice"),
("Z39.03","Poporodna oskrba po nenačrtovanem porodu izven porodnišnice"),
("Z39.1","Oskrba in pregled doječe matere"),
("Z39.2","Rutinsko poporodno spremljanje"),
("Z48.0","Oskrba pri kirurških prevezah in šivih"),
("Z51.9","Zdravstvena oskrba, neopredeljena");

INSERT INTO `Measurement`(`measurement_id`, `description`, `visit_subtype_id`) VALUES
(1, "Seznanitev nosečnice o normalnem poteku nosečnosti in o spremembah na telesu.", 1),
(2, "Povabilo v šolo za starše.", 1),
(3, "Seznanitev o rednih ginekoloških pregledih.", 1),
(4, "Seznanitev z bližajočim se porodom in pravočasnim odhodom v porodnišnico.", 1),
(5, "Pogovor in vključevanje partnerja v nosečnost in porod ter po prihodu domov.", 1),
(6, "Svetovanje o pripomočkih, ki jih bo potrebovala v porodnišnici.", 1),
(7, "Seznanitev nosečnice o štetju in beleženju plodovih gibov.", 1),
(8, "Svetovanje glede opreme za novorojenca in primerno ležišče.", 1),
(9, "Svetovanje o pravilni prehrani, ustrezni izbiri obleke in obutve.", 1),
(10, "Svetovanje o primernem režim življenja, telesne vaje, gibanje na svežem zraku.", 1),
(11, "Odsvetovanje razvad kot so uživanje alkohola, kajenje, uživanje zdravil in drog.", 1),
(12, "Seznanitev nosočnice z nevšečnostmi in svetovanje glede lajšanja težav zaradi nevšečnosti (slabosti, bruhanja, zaprtja, pogostih mikcij, nespečnosti, zgage, ...).", 1),
(13, "Seznanitev nosečnice s pravicami do starševskega dopusta (porodniški dopust, pravica do dopusta za nego in varstvo otroka, pravica do očetovskega dopusta) in o uveljavljanju pravic povezanih z rojstvom otroka (pravica do paketa, otroški dodatek, zdravstveno zavarovanje, rojstni list, ureditev očetovstva).", 1),
(14, "Pričakovan datum poroda", 1),
(15, "Anamneza: počutje, telesni znaki nosečnosti.", 1),
(16, "Družinska anamneza: Odnosi v družini, odnos družine do okolja, bivalni pogoji, ekonomske razmere, zdravstveno stanje družinskih članov, zdravstvena prosvetljenost in vzgojenost.", 1),
(17, "Izražanje čustev", 1),
(18, "Fizična obremenjenost", 1),
(19, "Krvni pritisk", 1),
(20, "Srčni utrip", 1),
(21, "Dihanje", 1),
(22, "Telesna temperatura", 1),
(23, "Telesna teža pred nosečnostjo", 1),
(24, "Trenutna telesna teža", 1),
(25, "Pregled materinske knjižice in odpustnice iz porodnišnice.", 2),
(26, "Kontrola vitalnih funkcij.", 2),
(27, "Opazovanje čišče.", 2),
(28, "Nadzor nad izločanjem blata in urina.", 2),
(29, "Zdravstveno vzgojno delo glede pravilnega rokovanja z novorojenčkom, učenje tehnike nege novorojenčka.", 2),
(30, "Motivacija za dojenje. Nadzor in pomoč pri dojenju.", 2),
(31, "Svetovanje o čustveni podpori s strani partnerja.", 2),
(32, "Seznanitev o otrokovih potrebah po toplini, nežnosti in varnosti.", 2),
(33, "Svetovanje o spalnih potrebah otročnice, pravilni negi in higienskem režimu v poporodnem obdobju.", 2),
(34, "Svetovanje o pravilni prehrani, pitju ustreznih količin tekočin.", 2),
(35, "Poučitev o poporodni telovadbi.", 2),
(36, "Sezananitev z nekaterimi obolenji.", 2),
(37, "Napotitev na poporodni pregled.", 2),
(38, "Seznanitev z metodami zaščite pred nezaželjno nosečnostjo.", 2),
(39, "Svetovanje o normalnem delu, življenju in spolnih odnosih.", 2),
(40, "Krvni pritisk", 2),
(41, "Srčni utrip", 2),
(42, "Dihanje", 2),
(43, "Telesna temperatura", 2),
(44, "Trenutna telesna teža", 2),
(45, "Anamneza: počutje, telesni znaki nosečnosti.", 2),
(46, "Družinska anamneza: odnosi v družini, odnos družine do okolja, bivalni pogoji, ekonomske razmere, zdravstveno stanje družinskih članov, zdravstvena prosvetljenost in vzgojenost.", 2),
(47, "Izražanje čustev", 2),
(48, "Fizična obremenjenost", 2),
(49, "Prikaz nege dojenčka", 2),
(50, "Nega popokovne rane", 2),
(51, "Nudenje pomoči pri dojenju in seznanitev s tehnikami dojenja.", 2),
(52, "Ureditev ležišča.", 2),
(53, "Svetovanje o povijanju, oblačenju, slačenju", 2),
(54, "Trenutna telesna teža", 2),
(55, "Trenutna telesna višina", 2),
(56, "Dojenje", 2),
(57, "Dodajanje adaptiranega mleka", 2),
(58, "Izločanje in odvajanje", 2),
(59, "Ritem spanja", 2),
(60, "Povišanje bilirubina (zlatenica)", 2),
(61, "Kolki", 2),
(62, "Posebnosti", 2),
(63, "Anamneza", 3),
(64, "Družinska anamneza", 3),
(65, "Krvni pritisk: sistolični, diastolični", 3),
(66, "Srčni utrip", 3),
(67, "Dihanje", 3),
(68, "Telesna temperatura", 3),
(69, "Telesna teža", 3),
(70, "Osebna higiena", 3),
(71, "Prehranjevanje in pitje", 3),
(72, "Izločanje in odvajanje", 3),
(73, "Gibanje", 3),
(74, "Čutila in občutki", 3),
(75, "Spanje in počitek", 3),
(76, "Duševno stanje: izražanje čustev in potreb, komunikacija", 3),
(77, "Stanje neodvisnosti", 3),
(78, "Pregled predpisanih terapij", 3),
(79, "Pogovor, nasvet in vzpodbuda.", 3),
(80, "Pogovor, nasvet in vzpodbuda.", 4),
(81, "Pogovor, nasvet in vzpodbuda.", 5),
(82, "Anamneza", 6),
(83, "Krvni pritisk: sistolični, diastolični", 6),
(84, "Srčni utrip", 6),
(85, "Dihanje", 6),
(86, "Telesna temperatura", 6),
(87, "Krvni sladkor", 6),
(88, "Oksigenacija SpO2", 6),
(89, "Upoštevanje terapije", 6),
(90, "Pregled terapije", 6),
(91, "Navodila za terapijo do naslednjega obiska", 6),
(92, "Pogovor, nasvet in vzpodbuda.", 6);

INSERT INTO `Input`(`input_name`, `type`, `required`, `measurement_id`) VALUES
("Prosti vnos", "text", false, 1),
("Prosti vnos", "text", false, 2),
("Prosti vnos", "text", false, 3),
("Prosti vnos", "text", false, 4),
("Prosti vnos", "text", false, 5),
("Prosti vnos", "text", false, 6),
("Prosti vnos", "text", false, 7),
("Prosti vnos", "text", false, 8),
("Prosti vnos", "text", false, 9),
("Prosti vnos", "text", false, 10),
("Prosti vnos", "text", false, 11),
("Prosti vnos", "text", false, 12),
("Prosti vnos", "text", false, 13),
("Datum", "date", true, 14),
("Prosti vnos", "text", true, 15),
("Prosti vnos", "text", true, 16),
("Moteno", "radio", true, 17),
("Ni moteno", "radio", true, 17),
("Prosti vnos", "text", false, 17),
("Nizka", "radio", true, 18), 
("Srednja", "radio", true, 18), 
("Visoka", "radio", true, 18),
("Prosti vnos","text", false, 18),
("Sistolični (mmHg)", "number", true, 19),
("Diastolični (mmHg)", "number", true, 19),
("Udarcev na minuto", "number", true, 20),
("Vdihov na minuto", "number", true, 21),
("st C", "number", true, 22),
("kg", "number", true, 23), 
("kg", "number", true, 24),
("Datum rojstva otroka", "date", true, 25),
("Porodna teža otroka (g)", "number", true, 25),
("Porodna višina otroka (cm)", "number", true, 25),
("Prosti vnos", "text", false, 25),
("Prosti vnos", "text", false, 26),
("Prosti vnos", "text", false, 27),
("Prosti vnos", "text", false, 28),
("Prosti vnos", "text", false, 29),
("Prosti vnos", "text", false, 30),
("Prosti vnos", "text", false, 31),
("Prosti vnos", "text", false, 32),
("Prosti vnos", "text", false, 33),
("Prosti vnos", "text", false, 34),
("Prosti vnos", "text", false, 35),
("Prosti vnos", "text", false, 36),
("Prosti vnos", "text", false, 37),
("Prosti vnos", "text", false, 38),
("Prosti vnos", "text", false, 39),
("Sistolični (mmHg)", "number", true, 40),
("Diastolični (mmHg)", "number", true, 40),
("Udarcev na minuto", "number", true, 41),
("Vdihov na minuto", "number", true, 42),
("st C", "number", true, 43),
("kg", "number", true, 44),
("Prosti vnos", "text", true, 45),
("Prosti vnos", "text", true, 46),
("Moteno", "radio", true, 47),
("Ni moteno", "radio", true, 47),
("Prosti vnos", "text", false, 47),
("Nizka", "radio", true, 48), 
("Srednja", "radio", true, 48), 
("Visoka", "radio", true, 48),
("Prosti vnos", "text", false, 49),
("Prosti vnos", "text", false, 50),
("Prosti vnos", "text", false, 51),
("Prosti vnos", "text", false, 52),
("Prosti vnos", "text", false, 53),
("g", "number", true, 54),
("cm", "number", true, 55),
("Da", "radio", true, 56),
("Ne", "radio", true, 56),
("Prosti vnos", "true", false, 56),
("Da", "radio", true, 57),
("Ne", "radio", true, 57),
("Prosti vnos", "true", false, 57),
("Ni posebnosti", "radio", false, 58),
("Mikcija", "radio", false, 58),
("Defekacija", "radio", false, 58),
("Napenjanje", "radio", false, 58),
("Kolike", "radio", false, 58),
("Polivanje", "radio", false, 58),
("Bruhanje", "radio", false, 58),
("Prosti vnos", "text", false, 58),
("Prosti vnos", "text", true, 59),
("Prosti vnos", "text", true, 60),
("Prosti vnos", "text", true, 61),
("Prosti vnos", "text", false, 62),
("Prosti vnos", "text", true, 63),
("Prosti vnos", "text", true, 64),
("Sistolični (mmHg)", "number", true, 65),
("Diastolični (mmHg)", "number", true, 65),
("Udarcev na minuto", "number", true, 66),
("Vdihov na minuto", "number", true, 67),
("st C", "number", true, 68),
("kg", "number", true, 69),
("Prosti vnos", "text", false, 70),
("Prosti vnos", "true", false, 71),
("Urin", "text", false, 72),
("Blato", "text", false, 72),
("Prosti vnos", "text", false, 73),
("Vid", "text", false, 74),
("Vonj", "text", false, 74),
("Sluh", "text", false, 74),
("Okus", "text", false, 74),
("Otip", "text", false, 74),
("Prosti vnos", "text", false, 75),
("Prosti vnos", "text", false, 76),
("Samostojen", "radio", true, 77),
("Delno odvisen", "radio", true, 77),
("Povsem odvisen", "radio", true, 77),
("Pomoč: svojci, drugi", "text", false, 77),
("Prosti vnos", "text", false, 77),
("Prosti vnos", "text", false, 78),
("Prosti vnos", "text", false, 79),
("Prosti vnos", "text", false, 80),
("Prosti vnos", "text", false, 81),
("Prosti vnos", "text", false, 82),
("Sistolični (mmHg)", "number", true, 83),
("Diastolični (mmHg)", "number", true, 83),
("Udarcev na minuto", "number", true, 84),
("Vdihov na minuto", "number", true, 85),
("st C", "number", true, 86),
("mmol/L", "number", true, 87),
("Prosti vnos", "text", true, 87),
("%", "number", true, 88),
("Da", "radio", true, 89),
("Delno", "radio", true, 89),
("Ne", "radio", true, 89),
("Prosti vnos", "text", false, 89),
("Prosti vnos", "text", false, 90),
("Prosti vnos", "text", false, 91),
("Prosti vnos", "text", false, 92);

INSERT INTO `FreeDays`(`free_day`) VALUES 
('2017-06-04'),  
('2017-06-25'), 
('2017-08-15'), 
('2017-10-31'), 
('2017-11-01'), 
('2017-12-25'), 
('2017-12-26'), 
('2018-01-01'),
('2018-01-02'), 
('2018-02-08'), 
('2018-04-01'), 
('2018-04-02'), 
('2018-04-27'), 
('2018-05-01'),
('2018-05-02'), 
('2018-05-20'), 
('2018-06-25'), 
('2018-08-15'), 
('2018-10-31'), 
('2018-11-01'), 
('2018-12-25'), 
('2018-12-26');

INSERT INTO `Material`(`material_id`, `material_title`) VALUES 
(996,"Epruveta - rdeča"),
(997,"Epruveta - modra"),
(998,"Epruveta - rumena"),
(999,"Epruveta - zelena"),
(1686,"Insulatard Penfill"),
(4561,"NovoRapid FlexPen"),
(6912,"Apidra"),
(7900,"Betaferon"),
(11711,"Copaxone"),
(13013,"NovoRapid Penfill"),
(14117,"Enbrel"),
(14621,"PegIntron"),
(16632,"Aranesp"),
(17108,"HUMIRA"),
(19011,"Lantus"),
(22748,"Humalog"),
(22764,"Humalog"),
(24872,"Somatuline Autogel"),
(24880,"Somatuline"),
(24899,"Somatuline Autogel"),
(27510,"Binocrit"),
(27588,"Binocrit"),
(30554,"FRAXIPARINE FORTE"),
(61891,"Levemir"),
(61921,"Levemir"),
(64238,"ReFacto AF"),
(64807,"LITAK"),
(64823,"LITAK");

INSERT INTO `Region`(`region_id`, `region_title`) VALUES
(58492,"Lj. Bežigrad"),
(47207,"Lj. Center"),
(97569,"Lj. Moste - Polje"),
(13169,"Lj. Šiška"),
(78353,"Lj. Vič - Rudnik"),
(63058,"Lj. Dravlje"),
(94853,"Lj. Savlje"),
(56756,"Lj. Koseze"),
(29378,"Sežana"),
(52015,"Postojna"),
(19119,"Ivančna Gorica"),
(89541,"Jesenice");

INSERT INTO `Post`(`post_number`, `post_title`) VALUES
(1000, "Ljubljana"),
(1001, "Ljubljana – P.P."),
(1210, "Ljubljana – Šentvid"),
(1211, "Ljubljana – Šmartno"),
(1215, "Medvode"),
(1216, "Smlednik"),
(1217, "Vodice"),
(1218, "Komenda"),
(1219, "Laze v Tuhinju"),
(1221, "Motnik"),
(1222, "Trojane"),
(1223, "Blagovica"),
(1225, "Lukovica"),
(1230, "Domžale"),
(1231, "Ljubljana – Črnuče"),
(1233, "Dob"),
(1234, "Mengeš"),
(1235, "Radomlje"),
(1236, "Trzin"),
(1241, "Kamnik"),
(1242, "Stahovica"),
(1251, "Moravče"),
(1252, "Vače"),
(1260, "Ljubljana – Polje"),
(1261, "Ljubljana – Dobrunje"),
(1262, "Dol pri Ljubljani"),
(1270, "Litija"),
(1272, "Polšnik"),
(1273, "Dole pri Litiji"),
(1274, "Gabrovka"),
(1275, "Šmartno pri Litiji"),
(1276, "Primskovo"),
(1281, "Kresnice"),
(1282, "Sava"),
(1290, "Grosuplje"),
(1291, "Škofljica"),
(1292, "Ig"),
(1293, "Šmarje – Sap"),
(1294, "Višnja Gora"),
(1295, "Ivančna Gorica"),
(1296, "Šentvid pri Stični"),
(1301, "Krka"),
(1303, "Zagradec"),
(1310, "Ribnica"),
(1311, "Turjak"),
(1312, "Videm – Dobrepolje"),
(1313, "Struge"),
(1314, "Rob"),
(1315, "Velike Lašče"),
(1316, "Ortnek"),
(1317, "Sodražica"),
(1318, "Loški Potok"),
(1319, "Draga"),
(1330, "Kočevje"),
(1331, "Dolenja vas"),
(1332, "Stara Cerkev"),
(1336, "Kostel"),
(1337, "Osilnica"),
(1338, "Kočevska Reka"),
(1351, "Brezovica pri Ljubljani"),
(1352, "Preserje"),
(1353, "Borovnica"),
(1354, "Horjul"),
(1355, "Polhov Gradec"),
(1356, "Dobrova"),
(1357, "Notranje Gorice"),
(1358, "Log pri Brezovici"),
(1360, "Vrhnika"),
(1370, "Logatec"),
(1371, "Logatec"),
(1372, "Hotedršica"),
(1373, "Rovte"),
(1380, "Cerknica"),
(1381, "Rakek"),
(1382, "Begunje pri Cerknici"),
(1384, "Grahovo"),
(1385, "Nova vas"),
(1386, "Stari trg pri Ložu"),
(1410, "Zagorje ob Savi"),
(1411, "Izlake"),
(1412, "Kisovec"),
(1413, "Čemšenik"),
(1414, "Podkum"),
(1420, "Trbovlje"),
(1423, "Dobovec"),
(1430, "Hrastnik"),
(1431, "Dol pri Hrastniku"),
(1432, "Zidani Most"),
(1433, "Radeče"),
(1434, "Loka pri Zidanem Mostu"),
(2000, "Maribor"),
(2001, "Maribor – P.P."),
(2201, "Zgornja Kungota"),
(2204, "Miklavž na Dravskem polju"),
(2205, "Starše"),
(2206, "Marjeta na Dravskem polju"),
(2208, "Pohorje"),
(2211, "Pesnica pri Mariboru"),
(2212, "Šentilj v Slovenskih goricah"),
(2213, "Zgornja Velka"),
(2214, "Sladki Vrh"),
(2215, "Ceršak"),
(2221, "Jarenina"),
(2222, "Jakobski Dol"),
(2223, "Jurovski Dol"),
(2229, "Malečnik"),
(2230, "Lenart v Slovenskih goricah"),
(2231, "Pernica"),
(2232, "Voličina"),
(2233, "Sv. Ana v Slovenskih goricah"),
(2234, "Benedikt"),
(2235, "Sv. Trojica v Slovenskih goricah"),
(2236, "Cerkvenjak"),
(2241, "Spodnji Duplek"),
(2242, "Zgornja Korena"),
(2250, "Ptuj"),
(2252, "Dornava"),
(2253, "Destrnik"),
(2254, "Trnovska vas"),
(2255, "Vitomarci"),
(2256, "Juršinc"),
(2257, "Polenšak"),
(2258, "Sveti Tomaž"),
(2259, "Ivanjkovci"),
(2270, "Ormož"),
(2272, "Gorišnica"),
(2273, "Podgorci"),
(2274, "Velika Nedelja"),
(2275, "Miklavž pri Ormožu"),
(2276, "Kog"),
(2277, "Središče ob Dravi"),
(2281, "Markovci"),
(2282, "Cirkulane"),
(2283, "Zavrč"),
(2284, "Videm pri Ptuju"),
(2285, "Zgornji Leskovec"),
(2286, "Podlehnik"),
(2287, "Žetale"),
(2288, "Hajdina"),
(2289, "Stoperce"),
(2310, "Slovenska Bistrica"),
(2311, "Hoče"),
(2312, "Orehova vas"),
(2313, "Fram"),
(2314, "Zgornja Polskava"),
(2315, "Šmartno na Pohorju"),
(2316, "Zgornja Ložnica"),
(2317, "Oplotnica"),
(2318, "Laporje"),
(2319, "Poljčane"),
(2321, "Makole"),
(2322, "Majšperk"),
(2323, "Ptujska Gora"),
(2324, "Lovrenc na Dravskem polju"),
(2325, "Kidričevo"),
(2326, "Cirkovce"),
(2327, "Rače"),
(2331, "Pragersko"),
(2341, "Limbuš"),
(2342, "Ruše"),
(2343, "Fala"),
(2344, "Lovrenc na Pohorju"),
(2345, "Bistrica ob Dravi"),
(2351, "Kamnica"),
(2352, "Selnica ob Dravi"),
(2353, "Sveti Duh na Ostrem Vrhu"),
(2354, "Bresternica"),
(2360, "Radlje ob Dravi"),
(2361, "Ožbalt"),
(2362, "Kapla"),
(2363, "Podvelka"),
(2364, "Ribnica na Pohorju"),
(2365, "Vuhred"),
(2366, "Muta"),
(2367, "Vuzenica"),
(2370, "Dravograd"),
(2371, "Trbonje"),
(2372, "Libeliče"),
(2373, "Šentjanž pri Dravogradu"),
(2380, "Slovenj Gradec"),
(2381, "Podgorje pri Slovenj Gradcu"),
(2382, "Mislinja"),
(2383, "Šmartno pri Slovenj Gradcu"),
(2390, "Ravne na Koroškem"),
(2391, "Prevalje"),
(2392, "Mežica"),
(2393, "Črna na Koroškem"),
(2394, "Kotlje"),
(3000, "Celje"),
(3001, "Celje – P.P."),
(3201, "Šmartno v Rožni dolini"),
(3202, "Ljubečna"),
(3203, "Nova Cerkev"),
(3205, "Vitanje"),
(3206, "Stranice"),
(3210, "Slovenske Konjice"),
(3211, "Škofja vas"),
(3212, "Vojnik"),
(3213, "Frankolovo"),
(3214, "Zreče"),
(3215, "Loče"),
(3220, "Štore"),
(3221, "Teharje"),
(3222, "Dramlje"),
(3223, "Loka pri Žusmu"),
(3224, "Dobje pri Planini"),
(3225, "Planina pri Sevnici"),
(3230, "Šentjur"),
(3231, "Grobelno"),
(3232, "Ponikva"),
(3233, "Kalobje"),
(3240, "Šmarje pri Jelšah"),
(3241, "Podplat"),
(3250, "Rogaška Slatina"),
(3252, "Rogatec"),
(3253, "Pristava pri Mestinju"),
(3254, "Podčetrtek"),
(3255, "Buče"),
(3256, "Bistrica ob Sotli"),
(3257, "Podsreda"),
(3260, "Kozje"),
(3261, "Lesično"),
(3262, "Prevorje"),
(3263, "Gorica pri Slivnici"),
(3264, "Sveti Štefan"),
(3270, "Laško"),
(3271, "Šentrupert"),
(3272, "Rimske Toplice"),
(3273, "Jurklošter"),
(3301, "Petrovče"),
(3302, "Griže"),
(3303, "Gomilsko"),
(3304, "Tabor"),
(3305, "Vransko"),
(3310, "Žalec"),
(3311, "Šempeter v Savinjski dolini"),
(3312, "Prebold"),
(3313, "Polzela"),
(3314, "Braslovče"),
(3320, "Velenje"),
(3322, "Velenje – P.P."),
(3325, "Šoštanj"),
(3326, "Topolšica"),
(3327, "Šmartno ob Paki"),
(3330, "Mozirje"),
(3331, "Nazarje"),
(3332, "Rečica ob Savinji"),
(3333, "Ljubno ob Savinji"),
(3334, "Luče"),
(3335, "Solčava"),
(3341, "Šmartno ob Dreti"),
(3342, "Gornji Grad"),
(4000, "Kranj"),
(4001, "Kranj – P.P."),
(4201, "Zgornja Besnica"),
(4202, "Naklo"),
(4203, "Duplje"),
(4204, "Golnik"),
(4205, "Preddvor"),
(4206, "Zgornje Jezersko"),
(4207, "Cerklje na Gorenjskem"),
(4208, "Šenčur"),
(4209, "Žabnica"),
(4210, "Brnik – Aerodrom"),
(4211, "Mavčiče"),
(4212, "Visoko"),
(4220, "Škofja Loka"),
(4223, "Poljane nad Škofjo Loko"),
(4224, "Gorenja vas"),
(4225, "Sovodenj"),
(4226, "Žiri"),
(4227, "Selca"),
(4228, "Železniki"),
(4229, "Sorica"),
(4240, "Radovljica"),
(4243, "Brezje"),
(4244, "Podnart"),
(4245, "Kropa"),
(4246, "Kamna Gorica"),
(4247, "Zgornje Gorje"),
(4248, "Lesce"),
(4260, "Bled"),
(4263, "Bohinjska Bela"),
(4264, "Bohinjska Bistrica"),
(4265, "Bohinjsko jezero"),
(4267, "Srednja vas v Bohinju"),
(4270, "Jesenice"),
(4273, "Blejska Dobrava"),
(4274, "Žirovnica"),
(4275, "Begunje na Gorenjskem"),
(4276, "Hrušica"),
(4280, "Kranjska Gora"),
(4281, "Mojstrana"),
(4282, "Gozd Martuljek"),
(4283, "Rateče – Planica"),
(4290, "Tržič"),
(4294, "Križe"),
(5000, "Nova Gorica"),
(5001, "Nova Gorica – P.P."),
(5210, "Deskle"),
(5211, "Kojsko"),
(5212, "Dobrovo v Brdih"),
(5213, "Kanal"),
(5214, "Kal nad Kanalom"),
(5215, "Ročinj"),
(5216, "Most na Soči"),
(5220, "Tolmin"),
(5222, "Kobarid"),
(5223, "Breginj"),
(5224, "Srpenica"),
(5230, "Bovec"),
(5231, "Log pod Mangartom"),
(5232, "Soča"),
(5242, "Grahovo ob Bači"),
(5243, "Podbrdo"),
(5250, "Solkan"),
(5251, "Grgar"),
(5252, "Trnovo pri Gorici"),
(5253, "Čepovan"),
(5261, "Šempas"),
(5262, "Črniče"),
(5263, "Dobravlje"),
(5270, "Ajdovščina"),
(5271, "Vipava"),
(5272, "Podnanos"),
(5273, "Col"),
(5274, "Črni Vrh nad Idrijo"),
(5275, "Godovič"),
(5280, "Idrija"),
(5281, "Spodnja Idrija"),
(5282, "Cerkno"),
(5283, "Slap ob Idrijci"),
(5290, "Šempeter pri Gorici"),
(5291, "Miren"),
(5292, "Renče"),
(5293, "Volčja Draga"),
(5294, "Dornberk"),
(5295, "Branik"),
(5296, "Kostanjevica na Krasu"),
(5297, "Prvačina"),
(6000, "Koper/Capodistria"),
(6001, "Koper/Capodistria – P.P."),
(6210, "Sežana"),
(6215, "Divača"),
(6216, "Podgorje"),
(6217, "Vremski Britof"),
(6219, "Lokev"),
(6221, "Dutovlje"),
(6222, "Štanjel"),
(6223, "Komen"),
(6224, "Senožeče"),
(6225, "Hruševje"),
(6230, "Postojna"),
(6232, "Planina"),
(6240, "Kozina"),
(6242, "Materija"),
(6243, "Obrov"),
(6244, "Podgrad"),
(6250, "Ilirska Bistrica"),
(6251, "Ilirska Bistrica-Trnovo"),
(6253, "Knežak"),
(6254, "Jelšane"),
(6255, "Prem"),
(6256, "Košana"),
(6257, "Pivka"),
(6258, "Prestranek"),
(6271, "Dekani"),
(6272, "Gračišče"),
(6273, "Marezige"),
(6274, "Šmarje"),
(6275, "Črni Kal"),
(6276, "Pobegi"),
(6280, "Ankaran/Ancarano"),
(6281, "Škofije"),
(6310, "Izola/Isola"),
(6320, "Portorož/Portorose"),
(6330, "Piran/Pirano"),
(6333, "Sečovlje/Sicciole"),
(8000, "Novo mesto"),
(8001, "Novo mesto – P.P."),
(8210, "Trebnje"),
(8211, "Dobrnič"),
(8212, "Velika Loka"),
(8213, "Veliki Gaber"),
(8216, "Mirna Peč"),
(8220, "Šmarješke Toplice"),
(8222, "Otočec"),
(8230, "Mokronog"),
(8231, "Trebelno"),
(8232, "Šentrupert"),
(8233, "Mirna"),
(8250, "Brežice"),
(8251, "Čatež ob Savi"),
(8253, "Artiče"),
(8254, "Globoko"),
(8255, "Pišece"),
(8256, "Sromlje"),
(8257, "Dobova"),
(8258, "Kapele"),
(8259, "Bizeljsko"),
(8261, "Jesenice na Dolenjskem"),
(8262, "Krška vas"),
(8263, "Cerklje ob Krki"),
(8270, "Krško"),
(8272, "Zdole"),
(8273, "Leskovec pri Krškem"),
(8274, "Raka"),
(8275, "Škocjan"),
(8276, "Bučka"),
(8280, "Brestanica"),
(8281, "Senovo"),
(8282, "Koprivnica"),
(8283, "Blanca"),
(8290, "Sevnica"),
(8292, "Zabukovje"),
(8293, "Studenec"),
(8294, "Boštanj"),
(8295, "Tržišče"),
(8296, "Krmelj"),
(8297, "Šentjanž"),
(8310, "Šentjernej"),
(8311, "Kostanjevica na Krki"),
(8312, "Podbočje"),
(8321, "Brusnice"),
(8322, "Stopiče"),
(8323, "Uršna sela"),
(8330, "Metlika"),
(8331, "Suhor"),
(8332, "Gradac"),
(8333, "Semič"),
(8340, "Črnomelj"),
(8341, "Adlešiči"),
(8342, "Stari trg ob Kolpi"),
(8343, "Dragatuš"),
(8344, "Vinica"),
(8350, "Dolenjske Toplice"),
(8351, "Straža"),
(8360, "Žužemberk"),
(8361, "Dvor"),
(8362, "Hinje"),
(9000, "Murska Sobota"),
(9001, "Murska Sobota – P.P."),
(9201, "Puconci"),
(9202, "Mačkovci"),
(9203, "Petrovci"),
(9204, "Šalovci"),
(9205, "Hodoš/Hodos"),
(9206, "Križevci"),
(9207, "Prosenjakovci/Partosfalva"),
(9208, "Fokovci"),
(9220, "Lendava/Lendva"),
(9221, "Martjanci"),
(9222, "Bogojina"),
(9223, "Dobrovnik/Dobronak"),
(9224, "Turnišče"),
(9225, "Velika Polana"),
(9226, "Moravske Toplice"),
(9227, "Kobilje"),
(9231, "Beltinci"),
(9232, "Črenšovci"),
(9233, "Odranci"),
(9240, "Ljutomer"),
(9241, "Veržej"),
(9242, "Križevci pri Ljutomeru"),
(9243, "Mala Nedelja"),
(9244, "Sveti Jurij ob Ščavnici"),
(9245, "Spodnji Ivanjci"),
(9250, "Gornja Radgona"),
(9251, "Tišina"),
(9252, "Radenci"),
(9253, "Apače"),
(9261, "Cankova"),
(9262, "Rogašovci"),
(9263, "Kuzma"),
(9264, "Grad"),
(9265, "Bodonci");

INSERT INTO `Institution`(`institution_id`, `institution_title`, `institution_address`, `post_number`) VALUES
(05900,"ZDS LJUBLJANA","AŠKERČEVA CESTA 4",1000),
(05150,"ZD LJUBLJANA - CENTER","METELKOVA ULICA 9",1000),
(05600,"ZD LJUBLJANA - VIČ - RUDNIK","ŠESTOVA ULICA 10",1000),
(05030,"ZD LJUBLJANA - BEŽIGRAD","KRŽIČEVA ULICA 10",1000),
(05470,"ZD LJUBLJANA - ŠIŠKA","DERČEVA ULICA 5",1000),
(06501,"ŽZD LJUBLJANA","CELOVŠKA CESTA 4",1000),
(05844,"ZD IVANČNA GORICA","CESTA 2. GRUPE ODREDOV 16",1295),
(04071,"SB JESENICE","CESTA MARŠALA TITA 112",4270),
(03771,"BOLNIŠNICA SEŽANA","CANKARJEVA ULICA 4",6210),
(03751,"BOLNIŠNICA POSTOJNA","PREČNA ULICA 4",6230);

INSERT INTO `UserRole`(`user_role_id`, `user_role_title`) VALUES
(10,"Admin"),
(21,"Zdravnik"),
(22,"Vodja PS"),
(23,"Patronažna sestra"),
(24,"Uslužbenec ZD"),
(30,"Pacient");
